pokedex_number,name,japanese_name,base_total,attack,defense,sp_attack,sp_defense,speed,hp,capture_rate,is_legendary
1,Bulbasaur,Fushigidaneフシギダネ,318,49,49,65,65,45,45,45,0
2,Ivysaur,Fushigisouフシギソウ,405,62,63,80,80,60,60,45,0
3,Venusaur,Fushigibanaフシギバナ,625,100,123,122,120,80,80,45,0
4,Charmander,Hitokageヒトカゲ,309,52,43,60,50,65,39,45,0
5,Charmeleon,Lizardoリザード,405,64,58,80,65,80,58,45,0
6,Charizard,Lizardonリザードン,634,104,78,159,115,100,78,45,0
7,Squirtle,Zenigameゼニガメ,314,48,65,50,64,43,44,45,0
8,Wartortle,Kameilカメール,405,63,80,65,80,58,59,45,0
9,Blastoise,Kamexカメックス,630,103,120,135,115,78,79,45,0
10,Caterpie,Caterpieキャタピー,195,30,35,20,20,45,45,255,0
11,Metapod,Transelトランセル,205,20,55,25,25,30,50,120,0
12,Butterfree,Butterfreeバタフリー,395,45,50,90,80,70,60,45,0
13,Weedle,Beedleビードル,195,35,30,20,20,50,40,255,0
14,Kakuna,Cocoonコクーン,205,25,50,25,25,35,45,120,0
15,Beedrill,Spearスピアー,495,150,40,15,80,145,65,45,0
16,Pidgey,Poppoポッポ,251,45,40,35,35,56,40,255,0
17,Pidgeotto,Pigeonピジョン,349,60,55,50,50,71,63,120,0
18,Pidgeot,Pigeotピジョット,579,80,80,135,80,121,83,45,0
19,Rattata,Korattaコラッタ,253,56,35,25,35,72,30,255,0
20,Raticate,Rattaラッタ,413,71,70,40,80,77,75,127,0
21,Spearow,Onisuzumeオニスズメ,262,60,30,31,31,70,40,255,0
22,Fearow,Onidrillオニドリル,442,90,65,61,61,100,65,90,0
23,Ekans,Arboアーボ,288,60,44,40,54,55,35,255,0
24,Arbok,Arbokアーボック,448,95,69,65,79,80,60,90,0
25,Pikachu,Pikachuピカチュウ,320,55,40,50,50,90,35,190,0
26,Raichu,Raichuライチュウ,485,85,50,95,85,110,60,75,0
27,Sandshrew,Sandサンド,300,75,90,10,35,40,50,255,0
28,Sandslash,Sandpanサンドパン,450,100,120,25,65,65,75,90,0
29,Nidoran♀,Nidoran?ニドラン♀,275,47,52,40,40,41,55,235,0
30,Nidorina,Nidorinaニドリーナ,365,62,67,55,55,56,70,120,0
31,Nidoqueen,Nidoqueenニドクイン,505,92,87,75,85,76,90,45,0
32,Nidoran♂,Nidoran?ニドラン♂,273,57,40,40,40,50,46,235,0
33,Nidorino,Nidorinoニドリーノ,365,72,57,55,55,65,61,120,0
34,Nidoking,Nidokingニドキング,505,102,77,85,75,85,81,45,0
35,Clefairy,Pippiピッピ,323,45,48,60,65,35,70,150,0
36,Clefable,Pixyピクシー,483,70,73,95,90,60,95,25,0
37,Vulpix,Rokonロコン,299,41,40,50,65,65,38,190,0
38,Ninetales,Kyukonキュウコン,505,67,75,81,100,109,73,75,0
39,Jigglypuff,Purinプリン,270,45,20,45,25,20,115,170,0
40,Wigglytuff,Pukurinプクリン,435,70,45,85,50,45,140,50,0
41,Zubat,Zubatズバット,245,45,35,30,40,55,40,255,0
42,Golbat,Golbatゴルバット,455,80,70,65,75,90,75,90,0
43,Oddish,Nazonokusaナゾノクサ,320,50,55,75,65,30,45,255,0
44,Gloom,Kusaihanaクサイハナ,395,65,70,85,75,40,60,120,0
45,Vileplume,Ruffresiaラフレシア,490,80,85,110,90,50,75,45,0
46,Paras,Parasパラス,285,70,55,45,55,25,35,190,0
47,Parasect,Parasectパラセクト,405,95,80,60,80,30,60,75,0
48,Venonat,Kongpangコンパン,305,55,50,40,55,45,60,190,0
49,Venomoth,Morphonモルフォン,450,65,60,90,75,90,70,75,0
50,Diglett,Digdaディグダ,265,55,30,35,45,90,10,255,0
51,Dugtrio,Dugtrioダグトリオ,425,100,60,50,70,110,35,50,0
52,Meowth,Nyarthニャース,290,35,35,50,40,90,40,255,0
53,Persian,Persianペルシアン,440,60,60,75,65,115,65,90,0
54,Psyduck,Koduckコダック,320,52,48,65,50,55,50,190,0
55,Golduck,Golduckゴルダック,500,82,78,95,80,85,80,75,0
56,Mankey,Mankeyマンキー,305,80,35,35,45,70,40,190,0
57,Primeape,Okorizaruオコリザル,455,105,60,60,70,95,65,75,0
58,Growlithe,Gardieガーディ,350,70,45,70,50,60,55,190,0
59,Arcanine,Windieウインディ,555,110,80,100,80,95,90,75,0
60,Poliwag,Nyoromoニョロモ,300,50,40,40,40,90,40,255,0
61,Poliwhirl,Nyorozoニョロゾ,385,65,65,50,50,90,65,120,0
62,Poliwrath,Nyorobonニョロボン,510,95,95,70,90,70,90,45,0
63,Abra,Caseyケーシィ,310,20,15,105,55,90,25,200,0
64,Kadabra,Yungererユンゲラー,400,35,30,120,70,105,40,100,0
65,Alakazam,Foodinフーディン,600,50,65,175,105,150,55,50,0
66,Machop,Wanrikyワンリキー,305,80,50,35,35,35,70,180,0
67,Machoke,Gorikyゴーリキー,405,100,70,50,60,45,80,90,0
68,Machamp,Kairikyカイリキー,505,130,80,65,85,55,90,45,0
69,Bellsprout,Madatsubomiマダツボミ,300,75,35,70,30,40,50,255,0
70,Weepinbell,Utsudonウツドン,390,90,50,85,45,55,65,120,0
71,Victreebel,Utsubotウツボット,490,105,65,100,70,70,80,45,0
72,Tentacool,Menokurageメノクラゲ,335,40,35,50,100,70,40,190,0
73,Tentacruel,Dokukurageドククラゲ,515,70,65,80,120,100,80,60,0
74,Geodude,Isitsubuteイシツブテ,300,80,100,30,30,20,40,255,0
75,Graveler,Goloneゴローン,390,95,115,45,45,35,55,120,0
76,Golem,Golonyaゴローニャ,495,120,130,55,65,45,80,45,0
77,Ponyta,Ponytaポニータ,410,85,55,65,65,90,50,190,0
78,Rapidash,Gallopギャロップ,500,100,70,80,80,105,65,60,0
79,Slowpoke,Yadonヤドン,315,65,65,40,40,15,90,190,0
80,Slowbro,Yadoranヤドラン,590,75,180,130,80,30,95,75,0
81,Magnemite,Coilコイル,325,35,70,95,55,45,25,190,0
82,Magneton,Rarecoilレアコイル,465,60,95,120,70,70,50,60,0
83,Farfetch'd,Kamonegiカモネギ,377,90,55,58,62,60,52,45,0
84,Doduo,Dodoドードー,310,85,45,35,35,75,35,190,0
85,Dodrio,Dodorioドードリオ,470,110,70,60,60,110,60,45,0
86,Seel,Pawouパウワウ,325,45,55,45,70,45,65,190,0
87,Dewgong,Jugonジュゴン,475,70,80,70,95,70,90,75,0
88,Grimer,Betbeterベトベター,325,80,50,40,50,25,80,190,0
89,Muk,Betbetonベトベトン,500,105,75,65,100,50,105,75,0
90,Shellder,Shellderシェルダー,305,65,100,45,25,40,30,190,0
91,Cloyster,Parshenパルシェン,525,95,180,85,45,70,50,60,0
92,Gastly,Ghosゴース,310,35,30,100,35,80,30,190,0
93,Haunter,Ghostゴースト,405,50,45,115,55,95,45,90,0
94,Gengar,Gangarゲンガー,600,65,80,170,95,130,60,45,0
95,Onix,Iwarkイワーク,385,45,160,30,45,70,35,45,0
96,Drowzee,Sleepeスリープ,328,48,45,43,90,42,60,190,0
97,Hypno,Sleeperスリーパー,483,73,70,73,115,67,85,75,0
98,Krabby,Crabクラブ,325,105,90,25,25,50,30,225,0
99,Kingler,Kinglerキングラー,475,130,115,50,50,75,55,60,0
100,Voltorb,Biriridamaビリリダマ,330,30,50,55,55,100,40,190,0
101,Electrode,Marumineマルマイン,490,50,70,80,80,150,60,60,0
102,Exeggcute,Tamatamaタマタマ,325,40,80,60,45,40,60,90,0
103,Exeggutor,Nassyナッシー,530,105,85,125,75,45,95,45,0
104,Cubone,Karakaraカラカラ,320,50,95,40,50,35,50,190,0
105,Marowak,Garagaraガラガラ,425,80,110,50,80,45,60,75,0
106,Hitmonlee,Sawamularサワムラー,455,120,53,35,110,87,50,45,0
107,Hitmonchan,Ebiwalarエビワラー,455,105,79,35,110,76,50,45,0
108,Lickitung,Beroringaベロリンガ,385,55,75,60,75,30,90,45,0
109,Koffing,Dogarsドガース,340,65,95,60,45,35,40,190,0
110,Weezing,Matadogasマタドガス,490,90,120,85,70,60,65,60,0
111,Rhyhorn,Sihornサイホーン,345,85,95,30,30,25,80,120,0
112,Rhydon,Sidonサイドン,485,130,120,45,45,40,105,60,0
113,Chansey,Luckyラッキー,450,5,5,35,105,50,250,30,0
114,Tangela,Monjaraモンジャラ,435,55,115,100,40,60,65,45,0
115,Kangaskhan,Garuraガルーラ,590,125,100,60,100,100,105,45,0
116,Horsea,Tattuタッツー,295,40,70,70,25,60,30,225,0
117,Seadra,Seadraシードラ,440,65,95,95,45,85,55,75,0
118,Goldeen,Tosakintoトサキント,320,67,60,35,50,63,45,225,0
119,Seaking,Azumaoアズマオウ,450,92,65,65,80,68,80,60,0
120,Staryu,Hitodemanヒトデマン,340,45,55,70,55,85,30,225,0
121,Starmie,Starmieスターミー,520,75,85,100,85,115,60,60,0
122,Mr. Mime,Barrierdバリヤード,460,45,65,100,120,90,40,45,0
123,Scyther,Strikeストライク,500,110,80,55,80,105,70,45,0
124,Jynx,Rougelaルージュラ,455,50,35,115,95,95,65,45,0
125,Electabuzz,Elebooエレブー,490,83,57,95,85,105,65,45,0
126,Magmar,Booberブーバー,495,95,57,100,85,93,65,45,0
127,Pinsir,Kailiosカイロス,600,155,120,65,90,105,65,45,0
128,Tauros,Kentaurosケンタロス,490,100,95,40,70,110,75,45,0
129,Magikarp,Koikingコイキング,200,10,55,15,20,80,20,255,0
130,Gyarados,Gyaradosギャラドス,640,155,109,70,130,81,95,45,0
131,Lapras,Laplaceラプラス,535,85,80,85,95,60,130,45,0
132,Ditto,Metamonメタモン,288,48,48,48,48,48,48,35,0
133,Eevee,Eievuiイーブイ,325,55,50,45,65,55,55,45,0
134,Vaporeon,Showersシャワーズ,525,65,60,110,95,65,130,45,0
135,Jolteon,Thundersサンダース,525,65,60,110,95,130,65,45,0
136,Flareon,Boosterブースター,525,130,60,95,110,65,65,45,0
137,Porygon,Porygonポリゴン,395,60,70,85,75,40,65,45,0
138,Omanyte,Omniteオムナイト,355,40,100,90,55,35,35,45,0
139,Omastar,Omstarオムスター,495,60,125,115,70,55,70,45,0
140,Kabuto,Kabutoカブト,355,80,90,55,45,55,30,45,0
141,Kabutops,Kabutopsカブトプス,495,115,105,65,70,80,60,45,0
142,Aerodactyl,Pteraプテラ,615,135,85,70,95,150,80,45,0
143,Snorlax,Kabigonカビゴン,540,110,65,65,110,30,160,25,0
144,Articuno,Freezerフリーザー,580,85,100,95,125,85,90,3,1
145,Zapdos,Thunderサンダー,580,90,85,125,90,100,90,3,1
146,Moltres,Fireファイヤー,580,100,90,125,85,90,90,3,1
147,Dratini,Miniryuミニリュウ,300,64,45,50,50,50,41,45,0
148,Dragonair,Hakuryuハクリュー,420,84,65,70,70,70,61,45,0
149,Dragonite,Kairyuカイリュー,600,134,95,100,100,80,91,45,0
150,Mewtwo,Mewtwoミュウツー,780,150,70,194,120,140,106,3,1
151,Mew,Mewミュウ,600,100,100,100,100,100,100,45,1
152,Chikorita,Chicoritaチコリータ,318,49,65,49,65,45,45,45,0
153,Bayleef,Bayleafベイリーフ,405,62,80,63,80,60,60,45,0
154,Meganium,Meganiumメガニウム,525,82,100,83,100,80,80,45,0
155,Cyndaquil,Hinoarashiヒノアラシ,309,52,43,60,50,65,39,45,0
156,Quilava,Magmarashiマグマラシ,405,64,58,80,65,80,58,45,0
157,Typhlosion,Bakphoonバクフーン,534,84,78,109,85,100,78,45,0
158,Totodile,Waninokoワニノコ,314,65,64,44,48,43,50,45,0
159,Croconaw,Alligatesアリゲイツ,405,80,80,59,63,58,65,45,0
160,Feraligatr,Ordileオーダイル,530,105,100,79,83,78,85,45,0
161,Sentret,Otachiオタチ,215,46,34,35,45,20,35,255,0
162,Furret,Ootachiオオタチ,415,76,64,45,55,90,85,90,0
163,Hoothoot,Hohoホーホー,262,30,30,36,56,50,60,255,0
164,Noctowl,Yorunozukuヨルノズク,452,50,50,86,96,70,100,90,0
165,Ledyba,Redibaレディバ,265,20,30,40,80,55,40,255,0
166,Ledian,Redianレディアン,390,35,50,55,110,85,55,90,0
167,Spinarak,Itomaruイトマル,250,60,40,40,40,30,40,255,0
168,Ariados,Ariadosアリアドス,400,90,70,60,70,40,70,90,0
169,Crobat,Crobatクロバット,535,90,80,70,80,130,85,90,0
170,Chinchou,Chonchieチョンチー,330,38,38,56,56,67,75,190,0
171,Lanturn,Lanternランターン,460,58,58,76,76,67,125,75,0
172,Pichu,Pichuピチュー,205,40,15,35,35,60,20,190,0
173,Cleffa,Pyピィ,218,25,28,45,55,15,50,150,0
174,Igglybuff,Pupurinププリン,210,30,15,40,20,15,90,170,0
175,Togepi,Togepyトゲピー,245,20,65,40,65,20,35,190,0
176,Togetic,Togechickトゲチック,405,40,85,80,105,40,55,75,0
177,Natu,Natyネイティ,320,50,45,70,45,70,40,190,0
178,Xatu,Natioネイティオ,470,75,70,95,70,95,65,75,0
179,Mareep,Merriepメリープ,280,40,40,65,45,35,55,235,0
180,Flaaffy,Mokokoモココ,365,55,55,80,60,45,70,120,0
181,Ampharos,Denryuデンリュウ,610,95,105,165,110,45,90,45,0
182,Bellossom,Kireihanaキレイハナ,490,80,95,90,100,50,75,45,0
183,Marill,Marilマリル,250,20,50,20,50,40,70,190,0
184,Azumarill,Marilliマリルリ,420,50,80,60,80,50,100,75,0
185,Sudowoodo,Usokkieウソッキー,410,100,115,30,65,30,70,65,0
186,Politoed,Nyorotonoニョロトノ,500,75,75,90,100,70,90,45,0
187,Hoppip,Haneccoハネッコ,250,35,40,35,55,50,35,255,0
188,Skiploom,Popoccoポポッコ,340,45,50,45,65,80,55,120,0
189,Jumpluff,Wataccoワタッコ,460,55,70,55,95,110,75,45,0
190,Aipom,Eipamエイパム,360,70,55,40,55,85,55,45,0
191,Sunkern,Himanutsヒマナッツ,180,30,30,30,30,30,30,235,0
192,Sunflora,Kimawariキマワリ,425,75,55,105,85,30,75,120,0
193,Yanma,Yanyanmaヤンヤンマ,390,65,45,75,45,95,65,75,0
194,Wooper,Upahウパー,210,45,45,25,25,15,55,255,0
195,Quagsire,Nuohヌオー,430,85,85,65,65,35,95,90,0
196,Espeon,Eifieエーフィ,525,65,60,130,95,110,65,45,0
197,Umbreon,Blackyブラッキー,525,65,110,60,130,65,95,45,0
198,Murkrow,Yamikarasuヤミカラス,405,85,42,85,42,91,60,30,0
199,Slowking,Yadokingヤドキング,490,75,80,100,110,30,95,70,0
200,Misdreavus,Mumaムウマ,435,60,60,85,85,85,60,45,0
201,Unown,Unknownアンノーン,336,72,48,72,48,48,48,225,0
202,Wobbuffet,Sonansソーナンス,405,33,58,33,58,33,190,45,0
203,Girafarig,Kirinrikiキリンリキ,455,80,65,90,65,85,70,60,0
204,Pineco,Kunugidamaクヌギダマ,290,65,90,35,35,15,50,190,0
205,Forretress,Foretosフォレトス,465,90,140,60,60,40,75,75,0
206,Dunsparce,Nokocchiノコッチ,415,70,70,65,65,45,100,190,0
207,Gligar,Gligerグライガー,430,75,105,35,65,85,65,60,0
208,Steelix,Haganeilハガネール,610,125,230,55,95,30,75,25,0
209,Snubbull,Buluブルー,300,80,50,40,40,30,60,190,0
210,Granbull,Granbuluグランブル,450,120,75,60,60,45,90,75,0
211,Qwilfish,Harysenハリーセン,440,95,85,55,55,85,65,45,0
212,Scizor,Hassamハッサム,600,150,140,65,100,75,70,25,0
213,Shuckle,Tsubotsuboツボツボ,505,10,230,10,230,5,20,190,0
214,Heracross,Heracrosヘラクロス,600,185,115,40,105,75,80,45,0
215,Sneasel,Nyulaニューラ,430,95,55,35,75,115,55,60,0
216,Teddiursa,Himegumaヒメグマ,330,80,50,50,50,40,60,120,0
217,Ursaring,Ringumaリングマ,500,130,75,75,75,55,90,60,0
218,Slugma,Magmagマグマッグ,250,40,40,70,40,20,40,190,0
219,Magcargo,Magcargotマグカルゴ,430,50,120,90,80,30,60,75,0
220,Swinub,Urimooウリムー,250,50,40,30,30,50,50,225,0
221,Piloswine,Inomooイノムー,450,100,80,60,60,50,100,75,0
222,Corsola,Sunnygoサニーゴ,410,55,95,65,95,35,65,60,0
223,Remoraid,Teppouoテッポウオ,300,65,35,65,35,65,35,190,0
224,Octillery,Okutankオクタン,480,105,75,105,75,45,75,75,0
225,Delibird,Delibirdデリバード,330,55,45,65,45,75,45,45,0
226,Mantine,Mantainマンタイン,485,40,70,80,140,70,85,25,0
227,Skarmory,Airmdエアームド,465,80,140,40,70,70,65,25,0
228,Houndour,Delvilデルビル,330,60,30,80,50,65,45,120,0
229,Houndoom,Hellgarヘルガー,600,90,90,140,90,115,75,45,0
230,Kingdra,Kingdraキングドラ,540,95,95,95,95,85,75,45,0
231,Phanpy,Gomazouゴマゾウ,330,60,60,40,40,40,90,120,0
232,Donphan,Donfanドンファン,500,120,120,60,60,50,90,60,0
233,Porygon2,Porygon2ポリゴン２,515,80,90,105,95,60,85,45,0
234,Stantler,Odoshishiオドシシ,465,95,62,85,65,85,73,45,0
235,Smeargle,Dobleドーブル,250,20,35,20,45,75,55,45,0
236,Tyrogue,Balkieバルキー,210,35,35,35,35,35,35,75,0
237,Hitmontop,Kapoererカポエラー,455,95,95,35,110,70,50,45,0
238,Smoochum,Muchulムチュール,305,30,15,85,65,65,45,45,0
239,Elekid,Elekidエレキッド,360,63,37,65,55,95,45,45,0
240,Magby,Bubyブビィ,365,75,37,70,55,83,45,45,0
241,Miltank,Miltankミルタンク,490,80,105,40,70,100,95,45,0
242,Blissey,Happinasハピナス,540,10,10,75,135,55,255,30,0
243,Raikou,Raikouライコウ,580,85,75,115,100,115,90,3,1
244,Entei,Enteiエンテイ,580,115,85,90,75,100,115,3,1
245,Suicune,Suicuneスイクン,580,75,115,90,115,85,100,3,1
246,Larvitar,Yogirasヨーギラス,300,64,50,45,50,41,50,45,0
247,Pupitar,Sanagirasサナギラス,410,84,70,65,70,51,70,45,0
248,Tyranitar,Bangirasバンギラス,700,164,150,95,120,71,100,45,0
249,Lugia,Lugiaルギア,680,90,130,90,154,110,106,3,1
250,Ho-Oh,Hououホウオウ,680,130,90,110,154,90,106,3,1
251,Celebi,Celebiセレビィ,600,100,100,100,100,100,100,45,1
252,Treecko,Kimoriキモリ,310,45,35,65,55,70,40,45,0
253,Grovyle,Juptileジュプトル,405,65,45,85,65,95,50,45,0
254,Sceptile,Jukainジュカイン,630,110,75,145,85,145,70,45,0
255,Torchic,Achamoアチャモ,310,60,40,70,50,45,45,45,0
256,Combusken,Wakasyamoワカシャモ,405,85,60,85,60,55,60,45,0
257,Blaziken,Bursyamoバシャーモ,630,160,80,130,80,100,80,45,0
258,Mudkip,Mizugorouミズゴロウ,310,70,50,50,50,40,50,45,0
259,Marshtomp,Numacrawヌマクロー,405,85,70,60,70,50,70,45,0
260,Swampert,Laglargeラグラージ,635,150,110,95,110,70,100,45,0
261,Poochyena,Pochienaポチエナ,220,55,35,30,30,35,35,255,0
262,Mightyena,Graenaグラエナ,420,90,70,60,60,70,70,127,0
263,Zigzagoon,Jiguzagumaジグザグマ,240,30,41,30,41,60,38,255,0
264,Linoone,Massugumaマッスグマ,420,70,61,50,61,100,78,90,0
265,Wurmple,Kemussoケムッソ,195,45,35,20,30,20,45,255,0
266,Silcoon,Karasalisカラサリス,205,35,55,25,25,15,50,120,0
267,Beautifly,Agehuntアゲハント,395,70,50,100,50,65,60,45,0
268,Cascoon,Mayuldマユルド,205,35,55,25,25,15,50,120,0
269,Dustox,Dokucaleドクケイル,385,50,70,50,90,65,60,45,0
270,Lotad,Hassbohハスボー,220,30,30,40,50,30,40,255,0
271,Lombre,Hasubreroハスブレロ,340,50,50,60,70,50,60,120,0
272,Ludicolo,Runpappaルンパッパ,480,70,70,90,100,70,80,45,0
273,Seedot,Tanebohタネボー,220,40,50,30,30,30,40,255,0
274,Nuzleaf,Konohanaコノハナ,340,70,40,60,40,60,70,120,0
275,Shiftry,Dirtengダーテング,480,100,60,90,60,80,90,45,0
276,Taillow,Subameスバメ,270,55,30,30,30,85,40,200,0
277,Swellow,Ohsubameオオスバメ,455,85,60,75,50,125,60,45,0
278,Wingull,Camomeキャモメ,270,30,30,55,30,85,40,190,0
279,Pelipper,Pelipperペリッパー,440,50,100,95,70,65,60,45,0
280,Ralts,Raltsラルトス,198,25,25,45,35,40,28,235,0
281,Kirlia,Kirliaキルリア,278,35,35,65,55,50,38,120,0
282,Gardevoir,Sirnightサーナイト,618,85,65,165,135,100,68,45,0
283,Surskit,Ametamaアメタマ,269,30,32,50,52,65,40,200,0
284,Masquerain,Amemothアメモース,454,60,62,100,82,80,70,75,0
285,Shroomish,Kinococoキノココ,295,40,60,40,60,35,60,255,0
286,Breloom,Kinogassaキノガッサ,460,130,80,60,60,70,60,90,0
287,Slakoth,Namakeroナマケロ,280,60,60,35,35,30,60,255,0
288,Vigoroth,Yarukimonoヤルキモノ,440,80,80,55,55,90,80,120,0
289,Slaking,Kekkingケッキング,670,160,100,95,65,100,150,45,0
290,Nincada,Tutininツチニン,266,45,90,30,30,40,31,255,0
291,Ninjask,Tekkaninテッカニン,456,90,45,50,50,160,61,120,0
292,Shedinja,Nukeninヌケニン,236,90,45,30,30,40,1,45,0
293,Whismur,Gonyonyoゴニョニョ,240,51,23,51,23,28,64,190,0
294,Loudred,Dogohmbドゴーム,360,71,43,71,43,48,84,120,0
295,Exploud,Bakuongバクオング,490,91,63,91,73,68,104,45,0
296,Makuhita,Makunoshitaマクノシタ,237,60,30,20,30,25,72,180,0
297,Hariyama,Hariteyamaハリテヤマ,474,120,60,40,60,50,144,200,0
298,Azurill,Ruririルリリ,190,20,40,20,40,20,50,150,0
299,Nosepass,Nosepassノズパス,375,45,135,45,90,30,30,255,0
300,Skitty,Enecoエネコ,260,45,45,35,35,50,50,255,0
301,Delcatty,Enekororoエネコロロ,400,65,65,55,55,90,70,60,0
302,Sableye,Yamiramiヤミラミ,480,85,125,85,115,20,50,45,0
303,Mawile,Kucheatクチート,480,105,125,55,95,50,50,45,0
304,Aron,Cokodoraココドラ,330,70,100,40,40,30,50,180,0
305,Lairon,Kodoraコドラ,430,90,140,50,50,40,60,90,0
306,Aggron,Bossgodoraボスゴドラ,630,140,230,60,80,50,70,45,0
307,Meditite,Asananアサナン,280,40,55,40,55,60,30,180,0
308,Medicham,Charemチャーレム,510,100,85,80,85,100,60,90,0
309,Electrike,Rakuraiラクライ,295,45,40,65,40,65,40,120,0
310,Manectric,Livoltライボルト,575,75,80,135,80,135,70,45,0
311,Plusle,Prasleプラスル,405,50,40,85,75,95,60,200,0
312,Minun,Minunマイナン,405,40,50,75,85,95,60,200,0
313,Volbeat,Barubeatバルビート,430,73,75,47,85,85,65,150,0
314,Illumise,Illumiseイルミーゼ,430,47,75,73,85,85,65,150,0
315,Roselia,Roseliaロゼリア,400,60,45,100,80,65,50,150,0
316,Gulpin,Gokulinゴクリン,302,43,53,43,53,40,70,225,0
317,Swalot,Marunoomマルノーム,467,73,83,73,83,55,100,75,0
318,Carvanha,Kibanhaキバニア,305,90,20,65,20,65,45,225,0
319,Sharpedo,Samehaderサメハダー,560,140,70,110,65,105,70,60,0
320,Wailmer,Hoerukoホエルコ,400,70,35,70,35,60,130,125,0
321,Wailord,Whalohホエルオー,500,90,45,90,45,60,170,60,0
322,Numel,Donmelドンメル,305,60,40,65,45,35,60,255,0
323,Camerupt,Bakuudaバクーダ,560,120,100,145,105,20,70,150,0
324,Torkoal,Cotoiseコータス,470,85,140,85,70,20,70,90,0
325,Spoink,Banebooバネブー,330,25,35,70,80,60,60,255,0
326,Grumpig,Boopigブーピッグ,470,45,65,90,110,80,80,60,0
327,Spinda,Patcheelパッチール,360,60,60,60,60,60,60,255,0
328,Trapinch,Nuckrarナックラー,290,100,45,45,45,10,45,255,0
329,Vibrava,Vibravaビブラーバ,340,70,50,50,50,70,50,120,0
330,Flygon,Flygonフライゴン,520,100,80,80,80,100,80,45,0
331,Cacnea,Saboneaサボネア,335,85,40,85,40,35,50,190,0
332,Cacturne,Noctusノクタス,475,115,60,115,60,55,70,60,0
333,Swablu,Tylttoチルット,310,40,60,40,75,50,45,255,0
334,Altaria,Tyltalisチルタリス,590,110,110,110,105,80,75,45,0
335,Zangoose,Zangooseザングース,458,115,60,60,60,90,73,90,0
336,Seviper,Habunakeハブネーク,458,100,60,100,60,65,73,90,0
337,Lunatone,Lunatoneルナトーン,460,55,65,95,85,70,90,45,0
338,Solrock,Solrockソルロック,460,95,85,55,65,70,90,45,0
339,Barboach,Dojoachドジョッチ,288,48,43,46,41,60,50,190,0
340,Whiscash,Namazunナマズン,468,78,73,76,71,60,110,75,0
341,Corphish,Heiganiヘイガニ,308,80,65,50,35,35,43,205,0
342,Crawdaunt,Shizarigerシザリガー,468,120,85,90,55,55,63,155,0
343,Baltoy,Yajilonヤジロン,300,40,55,40,70,55,40,255,0
344,Claydol,Nendollネンドール,500,70,105,70,120,75,60,90,0
345,Lileep,Lilylaリリーラ,355,41,77,61,87,23,66,45,0
346,Cradily,Yuradleユレイドル,495,81,97,81,107,43,86,45,0
347,Anorith,Anopthアノプス,355,95,50,40,50,75,45,45,0
348,Armaldo,Armaldoアーマルド,495,125,100,70,80,45,75,45,0
349,Feebas,Hinbassヒンバス,200,15,20,10,55,80,20,255,0
350,Milotic,Milokarossミロカロス,540,60,79,100,125,81,95,60,0
351,Castform,Powalenポワルン,420,70,70,70,70,70,70,45,0
352,Kecleon,Kakureonカクレオン,440,90,70,60,120,40,60,200,0
353,Shuppet,Kagebouzuカゲボウズ,295,75,35,63,33,45,44,225,0
354,Banette,Juppetaジュペッタ,555,165,75,93,83,75,64,45,0
355,Duskull,Yomawaruヨマワル,295,40,90,30,90,25,20,190,0
356,Dusclops,Samayouruサマヨール,455,70,130,60,130,25,40,90,0
357,Tropius,Tropiusトロピウス,460,68,83,72,87,51,99,200,0
358,Chimecho,Chireanチリーン,455,50,80,95,90,65,75,45,0
359,Absol,Absolアブソル,565,150,60,115,60,115,65,30,0
360,Wynaut,Sohnanoソーナノ,260,23,48,23,48,23,95,125,0
361,Snorunt,Yukiwarashiユキワラシ,300,50,50,50,50,50,50,190,0
362,Glalie,Onigohriオニゴーリ,580,120,80,120,80,100,80,75,0
363,Spheal,Tamazarashiタマザラシ,290,40,50,55,50,25,70,255,0
364,Sealeo,Todogglerトドグラー,410,60,70,75,70,45,90,120,0
365,Walrein,Todoserugaトドゼルガ,530,80,90,95,90,65,110,45,0
366,Clamperl,Pearluluパールル,345,64,85,74,55,32,35,255,0
367,Huntail,Huntailハンテール,485,104,105,94,75,52,55,60,0
368,Gorebyss,Sakurabyssサクラビス,485,84,105,114,75,52,55,60,0
369,Relicanth,Glanthジーランス,485,90,130,45,65,55,100,25,0
370,Luvdisc,Lovecusラブカス,330,30,55,40,65,97,43,225,0
371,Bagon,Tatsubayタツベイ,300,75,60,40,30,50,45,45,0
372,Shelgon,Komoruuコモルー,420,95,100,60,50,50,65,45,0
373,Salamence,Bohmanderボーマンダ,700,145,130,120,90,120,95,45,0
374,Beldum,Dumbberダンバル,300,55,80,35,60,30,40,3,0
375,Metang,Metangメタング,420,75,100,55,80,50,60,3,0
376,Metagross,Metagrossメタグロス,700,145,150,105,110,110,80,3,0
377,Regirock,Regirockレジロック,580,100,200,50,100,50,80,3,1
378,Regice,Regiceレジアイス,580,50,100,100,200,50,80,3,1
379,Registeel,Registeelレジスチル,580,75,150,75,150,50,80,3,1
380,Latias,Latiasラティアス,700,100,120,140,150,110,80,3,1
381,Latios,Latiosラティオス,700,130,100,160,120,110,80,3,1
382,Kyogre,Kyogreカイオーガ,770,150,90,180,160,90,100,3,1
383,Groudon,Groudonグラードン,770,180,160,150,90,90,100,3,1
384,Rayquaza,Rayquazaレックウザ,780,180,100,180,100,115,105,45,1
385,Jirachi,Jirachiジラーチ,600,100,100,100,100,100,100,3,1
386,Deoxys,Deoxysデオキシス,600,95,90,95,90,180,50,3,1
387,Turtwig,Naetleナエトル,318,68,64,45,55,31,55,45,0
388,Grotle,Hayashigameハヤシガメ,405,89,85,55,65,36,75,45,0
389,Torterra,Dodaitoseドダイトス,525,109,105,75,85,56,95,45,0
390,Chimchar,Hikozaruヒコザル,309,58,44,58,44,61,44,45,0
391,Monferno,Moukazaruモウカザル,405,78,52,78,52,81,64,45,0
392,Infernape,Goukazaruゴウカザル,534,104,71,104,71,108,76,45,0
393,Piplup,Pochamaポッチャマ,314,51,53,61,56,40,53,45,0
394,Prinplup,Pottaishiポッタイシ,405,66,68,81,76,50,64,45,0
395,Empoleon,Emperteエンペルト,530,86,88,111,101,60,84,45,0
396,Starly,Mukkuruムックル,245,55,30,30,30,60,40,255,0
397,Staravia,Mukubirdムクバード,340,75,50,40,40,80,55,120,0
398,Staraptor,Mukuhawkムクホーク,485,120,70,50,60,100,85,45,0
399,Bidoof,Bippaビッパ,250,45,40,35,40,31,59,255,0
400,Bibarel,Beadaruビーダル,410,85,60,55,60,71,79,127,0
401,Kricketot,Korobohshiコロボーシ,194,25,41,25,41,25,37,255,0
402,Kricketune,Korotockコロトック,384,85,51,55,51,65,77,45,0
403,Shinx,Kolinkコリンク,263,65,34,40,34,45,45,235,0
404,Luxio,Luxioルクシオ,363,85,49,60,49,60,60,120,0
405,Luxray,Rentorarレントラー,523,120,79,95,79,70,80,45,0
406,Budew,Subomieスボミー,280,30,35,50,70,55,40,255,0
407,Roserade,Roseradeロズレイド,515,70,65,125,105,90,60,75,0
408,Cranidos,Zugaidosズガイドス,350,125,40,30,30,58,67,45,0
409,Rampardos,Rampaldラムパルド,495,165,60,65,50,58,97,45,0
410,Shieldon,Tatetopsタテトプス,350,42,118,42,88,30,30,45,0
411,Bastiodon,Toridepsトリデプス,495,52,168,47,138,30,60,45,0
412,Burmy,Minomucchiミノムッチ,224,29,45,29,45,36,40,120,0
413,Wormadam,Minomadam (kusaki No Mino)ミノマダム,424,69,95,69,95,36,60,45,0
414,Mothim,Gamaleガーメイル,424,94,50,94,50,66,70,45,0
415,Combee,Mitsuhoneyミツハニー,244,30,42,30,42,70,30,120,0
416,Vespiquen,Beequenビークイン,474,80,102,80,102,40,70,45,0
417,Pachirisu,Pachirisuパチリス,405,45,70,45,90,95,60,200,0
418,Buizel,Buoyselブイゼル,330,65,35,60,30,85,55,190,0
419,Floatzel,Floazelフローゼル,495,105,55,85,50,115,85,75,0
420,Cherubi,Cherinboチェリンボ,275,35,45,62,53,35,45,190,0
421,Cherrim,Cherrimチェリム,450,60,70,87,78,85,70,75,0
422,Shellos,Karanakushiカラナクシ,325,48,48,57,62,34,76,190,0
423,Gastrodon,Tritodonトリトドン,475,83,68,92,82,39,111,75,0
424,Ambipom,Etebothエテボース,482,100,66,60,66,115,75,45,0
425,Drifloon,Fuwanteフワンテ,348,50,34,60,44,70,90,125,0
426,Drifblim,Fuwarideフワライド,498,80,44,90,54,80,150,60,0
427,Buneary,Mimirolミミロル,350,66,44,44,56,85,55,190,0
428,Lopunny,Mimilopミミロップ,580,136,94,54,96,135,65,60,0
429,Mismagius,Mumargiムウマージ,495,60,60,105,105,105,60,45,0
430,Honchkrow,Dongkarasuドンカラス,505,125,52,105,52,71,100,30,0
431,Glameow,Nyarmarニャルマー,310,55,42,42,37,85,49,190,0
432,Purugly,Bunyattoブニャット,452,82,64,64,59,112,71,75,0
433,Chingling,Lisyanリーシャン,285,30,50,65,50,45,45,120,0
434,Stunky,Skunpuuスカンプー,329,63,47,41,41,74,63,225,0
435,Skuntank,Skutankスカタンク,479,93,67,71,61,84,103,60,0
436,Bronzor,Dohmirrorドーミラー,300,24,86,24,86,23,57,255,0
437,Bronzong,Dohtakunドータクン,500,89,116,79,116,33,67,90,0
438,Bonsly,Usohachiウソハチ,290,80,95,10,45,10,50,255,0
439,Mime Jr.,Maneneマネネ,310,25,45,70,90,60,20,145,0
440,Happiny,Pinpukuピンプク,220,5,5,15,65,30,100,130,0
441,Chatot,Perapペラップ,411,65,45,92,42,91,76,30,0
442,Spiritomb,Mikarugeミカルゲ,485,92,108,92,108,35,50,100,0
443,Gible,Fukamaruフカマル,300,70,45,40,45,42,58,45,0
444,Gabite,Gabiteガバイト,410,90,65,50,55,82,68,45,0
445,Garchomp,Gaburiasガブリアス,700,170,115,120,95,92,108,45,0
446,Munchlax,Gonbeゴンベ,390,85,40,40,85,5,135,50,0
447,Riolu,Rioluリオル,285,70,40,35,40,60,40,75,0
448,Lucario,Lucarioルカリオ,625,145,88,140,70,112,70,45,0
449,Hippopotas,Hippopotasヒポポタス,330,72,78,38,42,32,68,140,0
450,Hippowdon,Kabaldonカバルドン,525,112,118,68,72,47,108,60,0
451,Skorupi,Scorupiスコルピ,330,50,90,30,55,65,40,120,0
452,Drapion,Dorapionドラピオン,500,90,110,60,75,95,70,45,0
453,Croagunk,Gureggruグレッグル,300,61,40,61,40,50,48,140,0
454,Toxicroak,Dokurogドクロッグ,490,106,65,86,65,85,83,75,0
455,Carnivine,Muskippaマスキッパ,454,100,72,90,72,46,74,200,0
456,Finneon,Keikouoケイコウオ,330,49,56,49,61,66,49,190,0
457,Lumineon,Neolantネオラント,460,69,76,69,86,91,69,75,0
458,Mantyke,Tamantaタマンタ,345,20,50,60,120,50,45,25,0
459,Snover,Yukikaburiユキカブリ,334,62,50,62,60,40,60,120,0
460,Abomasnow,Yukinoohユキノオー,594,132,105,132,105,30,90,60,0
461,Weavile,Manyulaマニューラ,510,120,65,45,85,125,70,45,0
462,Magnezone,Jibacoilジバコイル,535,70,115,130,90,60,70,30,0
463,Lickilicky,Berobeltベロベルト,515,85,95,80,95,50,110,30,0
464,Rhyperior,Dosidonドサイドン,535,140,130,55,55,40,115,30,0
465,Tangrowth,Mojumboモジャンボ,535,100,125,110,50,50,100,30,0
466,Electivire,Elekibleエレキブル,540,123,67,95,85,95,75,30,0
467,Magmortar,Booburnブーバーン,540,95,67,125,95,83,75,30,0
468,Togekiss,Togekissトゲキッス,545,50,95,120,115,80,85,30,0
469,Yanmega,Megayanmaメガヤンマ,515,76,86,116,56,95,86,30,0
470,Leafeon,Leafiaリーフィア,525,110,130,60,65,95,65,45,0
471,Glaceon,Glaciaグレイシア,525,60,110,130,95,65,65,45,0
472,Gliscor,Glionグライオン,510,95,125,45,75,95,75,30,0
473,Mamoswine,Mammooマンムー,530,130,80,70,60,80,110,50,0
474,Porygon-Z,Porygon-zポリゴンＺ,535,80,70,135,75,90,85,30,0
475,Gallade,Erureidoエルレイド,618,165,95,65,115,110,68,45,0
476,Probopass,Dainoseダイノーズ,525,55,145,75,150,40,60,60,0
477,Dusknoir,Yonoirヨノワール,525,100,135,65,135,45,45,45,0
478,Froslass,Yukimenokoユキメノコ,480,80,70,80,70,110,70,75,0
479,Rotom,Rotomロトム,520,65,107,105,107,86,50,45,0
480,Uxie,Yuxieユクシー,580,75,130,75,130,95,75,3,1
481,Mesprit,Emritエムリット,580,105,105,105,105,80,80,3,1
482,Azelf,Agnomeアグノム,580,125,70,125,70,115,75,3,1
483,Dialga,Dialgaディアルガ,680,120,120,150,100,90,100,3,1
484,Palkia,Palkiaパルキア,680,120,100,150,120,100,90,3,1
485,Heatran,Heatranヒードラン,600,90,106,130,106,77,91,3,1
486,Regigigas,Regigigasレジギガス,670,160,110,80,110,100,110,3,1
487,Giratina,Giratina (another Forme)ギラティナ,680,120,100,120,100,90,150,3,1
488,Cresselia,Cresseliaクレセリア,600,70,120,75,130,85,120,3,1
489,Phione,Phioneフィオネ,480,80,80,80,80,80,80,30,0
490,Manaphy,Manaphyマナフィ,600,100,100,100,100,100,100,3,1
491,Darkrai,Darkraiダークライ,600,90,90,135,90,125,70,3,1
492,Shaymin,Shaymin (sky Forme)シェイミ,600,103,75,120,75,127,100,45,1
493,Arceus,Arceusアルセウス,720,120,120,120,120,120,120,3,1
494,Victini,Victiniビクティニ,600,100,100,100,100,100,100,3,1
495,Snivy,Tsutarjaツタージャ,308,45,55,45,55,63,45,45,0
496,Servine,Janovyジャノビー,413,60,75,60,75,83,60,45,0
497,Serperior,Jalordaジャローダ,528,75,95,75,95,113,75,45,0
498,Tepig,Pokabuポカブ,308,63,45,45,45,45,65,45,0
499,Pignite,Chaobooチャオブー,418,93,55,70,55,55,90,45,0
500,Emboar,Enbuohエンブオー,528,123,65,100,65,65,110,45,0
501,Oshawott,Mijumaruミジュマル,308,55,45,63,45,45,55,45,0
502,Dewott,Futachimaruフタチマル,413,75,60,83,60,60,75,45,0
503,Samurott,Daikenkiダイケンキ,528,100,85,108,70,70,95,45,0
504,Patrat,Minezumiミネズミ,255,55,39,35,39,42,45,255,0
505,Watchog,Miruhogミルホッグ,420,85,69,60,69,77,60,255,0
506,Lillipup,Yorterrieヨーテリー,275,60,45,25,45,55,45,255,0
507,Herdier,Herderrieハーデリア,370,80,65,35,65,60,65,120,0
508,Stoutland,Moolandムーランド,500,110,90,45,90,80,85,45,0
509,Purrloin,Choronekoチョロネコ,281,50,37,50,37,66,41,255,0
510,Liepard,Lepardasレパルダス,446,88,50,88,50,106,64,90,0
511,Pansage,Yanappuヤナップ,316,53,48,53,48,64,50,190,0
512,Simisage,Yanakkieヤナッキー,498,98,63,98,63,101,75,75,0
513,Pansear,Baoppuバオップ,316,53,48,53,48,64,50,190,0
514,Simisear,Baokkieバオッキー,498,98,63,98,63,101,75,75,0
515,Panpour,Hiyappuヒヤップ,316,53,48,53,48,64,50,190,0
516,Simipour,Hiyakkieヒヤッキー,498,98,63,98,63,101,75,75,0
517,Munna,Munnaムンナ,292,25,45,67,55,24,76,190,0
518,Musharna,Musharnaムシャーナ,487,55,85,107,95,29,116,75,0
519,Pidove,Mamepatoマメパト,264,55,50,36,30,43,50,255,0
520,Tranquill,Hatobohハトーボー,358,77,62,50,42,65,62,120,0
521,Unfezant,Kenhallowケンホロウ,488,115,80,65,55,93,80,45,0
522,Blitzle,Shimamaシママ,295,60,32,50,32,76,45,190,0
523,Zebstrika,Zebraikaゼブライカ,497,100,63,80,63,116,75,75,0
524,Roggenrola,Dangoroダンゴロ,280,75,85,25,25,15,55,255,0
525,Boldore,Gantleガントル,390,105,105,50,40,20,70,120,0
526,Gigalith,Gigaiathギガイアス,515,135,130,60,80,25,85,45,0
527,Woobat,Koromoriコロモリ,323,45,43,55,43,72,65,190,0
528,Swoobat,Kokoromoriココロモリ,425,57,55,77,55,114,67,45,0
529,Drilbur,Mogurewモグリュー,328,85,40,30,45,68,60,120,0
530,Excadrill,Doryuzuドリュウズ,508,135,60,50,65,88,110,60,0
531,Audino,Tabunneタブンネ,545,60,126,80,126,50,103,255,0
532,Timburr,Dokkorerドッコラー,305,80,55,25,35,35,75,180,0
533,Gurdurr,Dotekkotsuドテッコツ,405,105,85,40,50,40,85,90,0
534,Conkeldurr,Roubushinローブシン,505,140,95,55,65,45,105,45,0
535,Tympole,Otamaroオタマロ,294,50,40,50,40,64,50,255,0
536,Palpitoad,Gamagaruガマガル,384,65,55,65,55,69,75,120,0
537,Seismitoad,Gamagerogeガマゲロゲ,509,95,75,85,75,74,105,45,0
538,Throh,Nagekiナゲキ,465,100,85,30,85,45,120,45,0
539,Sawk,Dagekiダゲキ,465,125,75,30,75,85,75,45,0
540,Sewaddle,Kurumiruクルミル,310,53,70,40,60,42,45,255,0
541,Swadloon,Kurumayuクルマユ,380,63,90,50,80,42,55,120,0
542,Leavanny,Hahakomoriハハコモリ,500,103,80,70,80,92,75,45,0
543,Venipede,Fushideフシデ,260,45,59,30,39,57,30,255,0
544,Whirlipede,Wheegaホイーガ,360,55,99,40,79,47,40,120,0
545,Scolipede,Pendrorペンドラー,485,100,89,55,69,112,60,45,0
546,Cottonee,Monmenモンメン,280,27,60,37,50,66,40,190,0
547,Whimsicott,Elfuunエルフーン,480,67,85,77,75,116,60,75,0
548,Petilil,Churineチュリネ,280,35,50,70,50,30,45,190,0
549,Lilligant,Dredearドレディア,480,60,75,110,75,90,70,75,0
550,Basculin,Bassraoバスラオ,460,92,65,80,55,98,70,25,0
551,Sandile,Megurocoメグロコ,292,72,35,35,35,65,50,180,0
552,Krokorok,Waruvileワルビル,351,82,45,45,45,74,60,90,0
553,Krookodile,Waruvialワルビアル,519,117,80,65,70,92,95,45,0
554,Darumaka,Darumakkaダルマッカ,315,90,45,15,45,50,70,120,0
555,Darmanitan,Hihidarumaヒヒダルマ,540,30,105,140,105,55,105,60,0
556,Maractus,Maracacchiマラカッチ,461,86,67,106,67,60,75,255,0
557,Dwebble,Ishizumaiイシズマイ,325,65,85,35,35,55,50,190,0
558,Crustle,Iwapalaceイワパレス,485,105,125,65,75,45,70,75,0
559,Scraggy,Zurugguズルッグ,348,75,70,35,70,48,50,180,0
560,Scrafty,Zuruzukinズルズキン,488,90,115,45,115,58,65,90,0
561,Sigilyph,Symbolerシンボラー,490,58,80,103,80,97,72,45,0
562,Yamask,Desumasuデスマス,303,30,85,55,65,30,38,190,0
563,Cofagrigus,Desukarnデスカーン,483,50,145,95,105,30,58,90,0
564,Tirtouga,Protogaプロトーガ,355,78,103,53,45,22,54,45,0
565,Carracosta,Abagouraアバゴーラ,495,108,133,83,65,32,74,45,0
566,Archen,Archenアーケン,401,112,45,74,45,70,55,45,0
567,Archeops,Archeosアーケオス,567,140,65,112,65,110,75,45,0
568,Trubbish,Yabukuronヤブクロン,329,50,62,40,62,65,50,190,0
569,Garbodor,Dustdasダストダス,474,95,82,60,82,75,80,60,0
570,Zorua,Zoruaゾロア,330,65,40,80,40,65,40,75,0
571,Zoroark,Zoroarkゾロアーク,510,105,60,120,60,105,60,45,0
572,Minccino,Chillarmyチラーミィ,300,50,40,40,40,75,55,255,0
573,Cinccino,Chillaccinoチラチーノ,470,95,60,65,60,115,75,60,0
574,Gothita,Gothimuゴチム,290,30,50,55,65,45,45,200,0
575,Gothorita,Gothimiruゴチミル,390,45,70,75,85,55,60,100,0
576,Gothitelle,Gothiruselleゴチルゼル,490,55,95,95,110,65,70,50,0
577,Solosis,Uniranユニラン,290,30,40,105,50,20,45,200,0
578,Duosion,Doublanダブラン,370,40,50,125,60,30,65,100,0
579,Reuniclus,Lanculusランクルス,490,65,75,125,85,30,110,50,0
580,Ducklett,Koaruhieコアルヒー,305,44,50,44,50,55,62,190,0
581,Swanna,Swannaスワンナ,473,87,63,87,63,98,75,45,0
582,Vanillite,Vanipetiバニプッチ,305,50,50,65,60,44,36,255,0
583,Vanillish,Vanirichバニリッチ,395,65,65,80,75,59,51,120,0
584,Vanilluxe,Baivanillaバイバニラ,535,95,85,110,95,79,71,45,0
585,Deerling,Shikijikaシキジカ,335,60,50,40,50,75,60,190,0
586,Sawsbuck,Mebukijikaメブキジカ,475,100,70,60,70,95,80,75,0
587,Emolga,Emongaエモンガ,428,75,60,75,60,103,55,200,0
588,Karrablast,Kaburumoカブルモ,315,75,45,40,45,60,50,200,0
589,Escavalier,Chevargoシュバルゴ,495,135,105,60,105,20,70,75,0
590,Foongus,Tamagetakeタマゲタケ,294,55,45,55,55,15,69,190,0
591,Amoonguss,Morobareruモロバレル,464,85,70,85,80,30,114,75,0
592,Frillish,Pururillプルリル,335,40,50,65,85,40,55,190,0
593,Jellicent,Burungelブルンゲル,480,60,70,85,105,60,100,60,0
594,Alomomola,Mamanbouママンボウ,470,75,80,40,45,65,165,75,0
595,Joltik,Bachuruバチュル,319,47,50,57,50,65,50,190,0
596,Galvantula,Dentulaデンチュラ,472,77,60,97,60,108,70,75,0
597,Ferroseed,Tesseedテッシード,305,50,91,24,86,10,44,255,0
598,Ferrothorn,Nutreyナットレイ,489,94,131,54,116,20,74,90,0
599,Klink,Giaruギアル,300,55,70,45,60,30,40,130,0
600,Klang,Gigiaruギギアル,440,80,95,70,85,50,60,60,0
601,Klinklang,Gigigiaruギギギアル,520,100,115,70,85,90,60,30,0
602,Tynamo,Shibishirasuシビシラス,275,55,40,45,40,60,35,190,0
603,Eelektrik,Shibibeelシビビール,405,85,70,75,70,40,65,60,0
604,Eelektross,Shibirudonシビルドン,515,115,80,105,80,50,85,30,0
605,Elgyem,Ligrayリグレー,335,55,55,85,55,30,55,255,0
606,Beheeyem,Ohbemオーベム,485,75,75,125,95,40,75,90,0
607,Litwick,Hitomoshiヒトモシ,275,30,55,65,55,20,50,190,0
608,Lampent,Lamplerランプラー,370,40,60,95,60,55,60,90,0
609,Chandelure,Chandelaシャンデラ,520,55,90,145,90,80,60,45,0
610,Axew,Kibagoキバゴ,320,87,60,30,40,57,46,75,0
611,Fraxure,Onondoオノンド,410,117,70,40,50,67,66,60,0
612,Haxorus,Ononokusオノノクス,540,147,90,60,70,97,76,45,0
613,Cubchoo,Kumasyunクマシュン,305,70,40,60,40,40,55,120,0
614,Beartic,Tunbearツンベアー,505,130,80,70,80,50,95,60,0
615,Cryogonal,Freegeoフリージオ,515,50,50,95,135,105,80,25,0
616,Shelmet,Chobomakiチョボマキ,305,40,85,40,65,25,50,200,0
617,Accelgor,Agilderアギルダー,495,70,40,100,60,145,80,75,0
618,Stunfisk,Maggyoマッギョ,471,66,84,81,99,32,109,75,0
619,Mienfoo,Kojofuコジョフー,350,85,50,55,50,65,45,180,0
620,Mienshao,Kojondoコジョンド,510,125,60,95,60,105,65,45,0
621,Druddigon,Crimganクリムガン,485,120,90,60,90,48,77,45,0
622,Golett,Gobitゴビット,303,74,50,35,50,35,59,190,0
623,Golurk,Goloogゴルーグ,483,124,80,55,80,55,89,90,0
624,Pawniard,Komatanaコマタナ,340,85,70,40,40,60,45,120,0
625,Bisharp,Kirikizanキリキザン,490,125,100,60,70,70,65,45,0
626,Bouffalant,Buffronバッフロン,490,110,95,40,95,55,95,45,0
627,Rufflet,Washibonワシボン,350,83,50,37,50,60,70,190,0
628,Braviary,Warrgleウォーグル,510,123,75,57,75,80,100,60,0
629,Vullaby,Valchaiバルチャイ,370,55,75,45,65,60,70,190,0
630,Mandibuzz,Vulginaバルジーナ,510,65,105,55,95,80,110,60,0
631,Heatmor,Kuitaranクイタラン,484,97,66,105,66,65,85,90,0
632,Durant,Aiantアイアント,484,109,112,48,48,109,58,90,0
633,Deino,Monozuモノズ,300,65,50,45,50,38,52,45,0
634,Zweilous,Diheadジヘッド,420,85,70,65,70,58,72,45,0
635,Hydreigon,Sazandoraサザンドラ,600,105,90,125,90,98,92,45,0
636,Larvesta,Merlarvaメラルバ,360,85,55,50,55,60,55,45,0
637,Volcarona,Ulgamothウルガモス,550,60,65,135,105,100,85,15,0
638,Cobalion,Cobalonコバルオン,580,90,129,90,72,108,91,3,1
639,Terrakion,Terrakionテラキオン,580,129,90,72,90,108,91,3,1
640,Virizion,Virizionビリジオン,580,90,72,90,129,108,91,3,1
641,Tornadus,Tornelos (keshin Forme)トルネロス,580,100,80,110,90,121,79,3,1
642,Thundurus,Voltolos (keshin Forme)ボルトロス,580,105,70,145,80,101,79,3,1
643,Reshiram,Reshiramレシラム,680,120,100,150,120,90,100,3,1
644,Zekrom,Zekromゼクロム,680,150,120,120,100,90,100,3,1
645,Landorus,Landlos (keshin Forme)ランドロス,600,145,90,105,80,91,89,3,1
646,Kyurem,Kyuremキュレム,700,120,90,170,100,95,125,3,1
647,Keldeo,Keldeo (itsumo No Sugata)ケルディオ,580,72,90,129,90,108,91,3,1
648,Meloetta,Meloetta (step Forme)メロエッタ,600,128,90,77,77,128,100,3,1
649,Genesect,Genesectゲノセクト,600,120,95,120,95,99,71,3,1
650,Chespin,Harimaronハリマロン,313,61,65,48,45,38,56,45,0
651,Quilladin,Hariborgハリボーグ,405,78,95,56,58,57,61,45,0
652,Chesnaught,Brigarronブリガロン,530,107,122,74,75,64,88,45,0
653,Fennekin,Fokkoフォッコ,307,45,40,62,60,60,40,45,0
654,Braixen,Tairenarテールナー,409,59,58,90,70,73,59,45,0
655,Delphox,Mahoxyマフォクシー,534,69,72,114,100,104,75,45,0
656,Froakie,Keromatsuケロマツ,314,56,40,62,44,71,41,45,0
657,Frogadier,Gekogashiraゲコガシラ,405,63,52,83,56,97,54,45,0
658,Greninja,Gekkougaゲッコウガ,640,145,67,153,71,132,72,45,0
659,Bunnelby,Horubeeホルビー,237,36,38,32,36,57,38,255,0
660,Diggersby,Horudoホルード,423,56,77,50,77,78,85,127,0
661,Fletchling,Yayakomaヤヤコマ,278,50,43,40,38,62,45,255,0
662,Fletchinder,Hinoyakomaヒノヤコマ,382,73,55,56,52,84,62,120,0
663,Talonflame,Fiarrowファイアロー,499,81,71,74,69,126,78,45,0
664,Scatterbug,Kofukimushiコフキムシ,200,35,40,27,25,35,38,255,0
665,Spewpa,Kofuuraiコフーライ,213,22,60,27,30,29,45,120,0
666,Vivillon,Viviyonビビヨン,411,52,50,90,50,89,80,45,0
667,Litleo,Shishikoシシコ,369,50,58,73,54,72,62,220,0
668,Pyroar,Kaenjishiカエンジシ,507,68,72,109,66,106,86,65,0
669,Flabébé,Flabebeフラベベ,303,38,39,61,79,42,44,225,0
670,Floette,Floetteフラエッテ,551,65,67,125,128,92,74,120,0
671,Florges,Florgesフラージェス,552,65,68,112,154,75,78,45,0
672,Skiddo,Meecleメェークル,350,65,48,62,57,52,66,200,0
673,Gogoat,Gogoatゴーゴート,531,100,62,97,81,68,123,45,0
674,Pancham,Yanchamヤンチャム,348,82,62,46,48,43,67,220,0
675,Pangoro,Gorondaゴロンダ,495,124,78,69,71,58,95,65,0
676,Furfrou,Trimmienトリミアン,472,80,60,65,90,102,75,160,0
677,Espurr,Nyasperニャスパー,355,48,54,63,60,68,62,190,0
678,Meowstic,Nyaonixニャオニクス,466,48,76,83,81,104,74,75,0
679,Honedge,Hitotsukiヒトツキ,325,80,100,35,37,28,45,180,0
680,Doublade,Nidangillニダンギル,448,110,150,45,49,35,59,90,0
681,Aegislash,Gillgardギルガルド,520,150,50,150,50,60,60,45,0
682,Spritzee,Shushupuシュシュプ,341,52,60,63,65,23,78,200,0
683,Aromatisse,Frefuwanフレフワン,462,72,72,99,89,29,101,140,0
684,Swirlix,Peroppafuペロッパフ,341,48,66,59,57,49,62,200,0
685,Slurpuff,Peroreamペロリーム,480,80,86,85,75,72,82,140,0
686,Inkay,Maaiikaマーイーカ,288,54,53,37,46,45,53,190,0
687,Malamar,Calamaneroカラマネロ,482,92,88,68,75,73,86,80,0
688,Binacle,Kameteteカメテテ,306,52,67,39,56,50,42,120,0
689,Barbaracle,Gamenodesガメノデス,500,105,115,54,86,68,72,45,0
690,Skrelp,Kuzumoクズモー,320,60,60,60,60,30,50,225,0
691,Dragalge,Dramidoroドラミドロ,494,75,90,97,123,44,65,55,0
692,Clauncher,Udeppouウデッポウ,330,53,62,58,63,44,50,225,0
693,Clawitzer,Blosterブロスター,500,73,88,120,89,59,71,55,0
694,Helioptile,Erikiteruエリキテル,289,38,33,61,43,70,44,190,0
695,Heliolisk,Elezardエレザード,481,55,52,109,94,109,62,75,0
696,Tyrunt,Chigorasチゴラス,362,89,77,45,45,48,58,45,0
697,Tyrantrum,Gachigorasガチゴラス,521,121,119,69,59,71,82,45,0
698,Amaura,Amarusアマルス,362,59,50,67,63,46,77,45,0
699,Aurorus,Amarurugaアマルルガ,521,77,72,99,92,58,123,45,0
700,Sylveon,Nymphiaニンフィア,525,65,65,110,130,60,95,45,0
701,Hawlucha,Luchabullルチャブル,500,92,75,74,63,118,78,100,0
702,Dedenne,Dedenneデデンネ,431,58,57,81,67,101,67,180,0
703,Carbink,Melecieメレシー,500,50,150,50,150,50,50,60,0
704,Goomy,Numeraヌメラ,300,50,35,55,75,40,45,45,0
705,Sliggoo,Numeilヌメイル,452,75,53,83,113,60,68,45,0
706,Goodra,Numelgonヌメルゴン,600,100,70,110,150,80,90,45,0
707,Klefki,Cleffyクレッフィ,470,80,91,80,87,75,57,75,0
708,Phantump,Bokureiボクレー,309,70,48,50,60,38,43,120,0
709,Trevenant,Ohrotオーロット,474,110,76,65,82,56,85,60,0
710,Pumpkaboo,Bakecchaバケッチャ,335,66,70,44,55,41,59,120,0
711,Gourgeist,Pumpjinパンプジン,494,100,122,58,75,54,85,60,0
712,Bergmite,Kachikohruカチコール,304,69,85,32,35,28,55,190,0
713,Avalugg,Crebaseクレベース,514,117,184,44,46,28,95,55,0
714,Noibat,Onbatオンバット,245,30,35,45,40,55,40,190,0
715,Noivern,Onvernオンバーン,535,70,80,97,80,123,85,45,0
716,Xerneas,Xerneasゼルネアス,680,131,95,131,98,99,126,45,1
717,Yveltal,Yveltalイベルタル,680,131,95,131,98,99,126,45,1
718,Zygarde,Zygarde (10% Forme)ジガルデ,708,100,121,91,95,85,216,3,1
719,Diancie,Diancieディアンシー,700,160,110,160,110,110,50,3,1
720,Hoopa,Hoopa (imashimerareshi Hoopa)フーパ,680,160,60,170,130,80,80,3,1
721,Volcanion,Volcanionボルケニオン,600,110,120,130,90,70,80,3,1
722,Rowlet,Mokurohモクロー,320,55,55,50,50,42,68,45,0
723,Dartrix,Fukuthrowフクスロー,420,75,75,70,70,52,78,45,0
724,Decidueye,Junaiperジュナイパー,530,107,75,100,100,70,78,45,0
725,Litten,Nyabbyニャビー,320,65,40,60,40,70,45,45,0
726,Torracat,Nyaheatニャヒート,420,85,50,80,50,90,65,45,0
727,Incineroar,Gaogaenガオガエン,530,115,90,80,90,60,95,45,0
728,Popplio,Ashimariアシマリ,320,54,54,66,56,40,50,45,0
729,Brionne,Osyamariオシャマリ,420,69,69,91,81,50,60,45,0
730,Primarina,Ashireneアシレーヌ,530,74,74,126,116,60,80,45,0
731,Pikipek,Tsutsukeraツツケラ,265,75,30,30,30,65,35,255,0
732,Trumbeak,Kerarappaケララッパ,355,85,50,40,50,75,55,120,0
733,Toucannon,Dodekabashiドデカバシ,485,120,75,75,75,60,80,45,0
734,Yungoos,Youngooseヤングース,253,70,30,30,30,45,48,255,0
735,Gumshoos,Dekagooseデカグース,418,110,60,55,60,45,88,127,0
736,Grubbin,Agojimushiアゴジムシ,300,62,45,55,45,46,47,255,0
737,Charjabug,Dendimushiデンヂムシ,400,82,95,55,75,36,57,120,0
738,Vikavolt,Kuwagannonクワガノン,500,70,90,145,75,43,77,45,0
739,Crabrawler,Makenkaniマケンカニ,338,82,57,42,47,63,47,225,0
740,Crabominable,Kekenkaniケケンカニ,478,132,77,62,67,43,97,60,0
741,Oricorio,Odoridori (pachipachi Style)オドリドリ,476,70,70,98,70,93,75,45,0
742,Cutiefly,Abulyアブリー,304,45,40,55,40,84,40,190,0
743,Ribombee,Aburibbonアブリボン,464,55,60,95,70,124,60,75,0
744,Rockruff,Iwankoイワンコ,280,65,40,30,40,60,45,190,0
745,Lycanroc,Lugarugan (mahiru No Sugata)ルガルガン,487,115,75,55,75,82,85,90,0
746,Wishiwashi,Yowashi (tandoku No Sugata)ヨワシ,620,140,130,140,135,30,45,60,0
747,Mareanie,Hidoideヒドイデ,305,53,62,43,52,45,50,190,0
748,Toxapex,Dohidoideドヒドイデ,495,63,152,53,142,35,50,75,0
749,Mudbray,Dorobankoドロバンコ,385,100,70,45,55,45,70,190,0
750,Mudsdale,Banbadoroバンバドロ,500,125,100,55,85,35,100,60,0
751,Dewpider,Shizukumoシズクモ,269,40,52,40,72,27,38,200,0
752,Araquanid,Onishizukumoオニシズクモ,454,70,92,50,132,42,68,100,0
753,Fomantis,Karikiriカリキリ,250,55,35,50,35,35,40,190,0
754,Lurantis,Lalantesラランテス,480,105,90,80,90,45,70,75,0
755,Morelull,Nemasyuネマシュ,285,35,55,65,75,15,40,190,0
756,Shiinotic,Mashadeマシェード,405,45,80,90,100,30,60,75,0
757,Salandit,Yatoumoriヤトウモリ,320,44,40,71,40,77,48,120,0
758,Salazzle,Ennewtエンニュート,480,64,60,111,60,117,68,45,0
759,Stufful,Nuikogumaヌイコグマ,340,75,50,45,50,50,70,140,0
760,Bewear,Kiterugumaキテルグマ,500,125,80,55,60,60,120,70,0
761,Bounsweet,Amakajiアマカジ,210,30,38,30,38,32,42,235,0
762,Steenee,Amamaikoアママイコ,290,40,48,40,48,62,52,120,0
763,Tsareena,Amajoアマージョ,510,120,98,50,98,72,72,45,0
764,Comfey,Cuwawaキュワワー,485,52,90,82,110,100,51,60,0
765,Oranguru,Yareyuutanヤレユータン,490,60,80,90,110,60,90,45,0
766,Passimian,Nagetukesaruナゲツケサル,490,120,90,40,60,80,100,45,0
767,Wimpod,Kosokumushiコソクムシ,230,35,40,20,30,80,25,90,0
768,Golisopod,Gusokumushaグソクムシャ,530,125,140,60,90,40,75,45,0
769,Sandygast,Sunabaスナバァ,320,55,80,70,45,15,55,140,0
770,Palossand,Sirodethnaシロデスナ,480,75,110,100,75,35,85,60,0
771,Pyukumuku,Namakobushiナマコブシ,410,60,130,30,130,5,55,60,0
772,Type: Null,Type: Nullタイプ：ヌル,534,95,95,95,95,59,95,3,0
773,Silvally,Silvadyシルヴァディ,570,95,95,95,95,95,95,3,0
774,Minior,Metenoメテノ,500,100,60,100,60,120,60,30,0
775,Komala,Nekkoaraネッコアラ,480,115,65,75,95,65,65,45,0
776,Turtonator,Bakugamesバクガメス,485,78,135,91,85,36,60,70,0
777,Togedemaru,Togedemaruトゲデマル,435,98,63,40,73,96,65,180,0
778,Mimikyu,Mimikkyuミミッキュ,476,90,80,50,105,96,55,45,0
779,Bruxish,Hagigishiriハギギシリ,475,105,70,70,70,92,68,80,0
780,Drampa,Jijilongジジーロン,485,60,85,135,91,36,78,70,0
781,Dhelmise,Dadarinダダリン,517,131,100,86,90,40,70,25,0
782,Jangmo-o,Jyarakoジャラコ,300,55,65,45,45,45,45,45,0
783,Hakamo-o,Jyarangoジャランゴ,420,75,90,65,70,65,55,45,0
784,Kommo-o,Jyararangaジャラランガ,600,110,125,100,105,85,75,45,0
785,Tapu Koko,Kapu-kokekoカプ・コケコ,570,115,85,95,75,130,70,3,1
786,Tapu Lele,Kapu-tetefuカプ・テテフ,570,85,75,130,115,95,70,3,1
787,Tapu Bulu,Kapu-bululカプ・ブルル,570,130,115,85,95,75,70,3,1
788,Tapu Fini,Kapu-rehireカプ・レヒレ,570,75,115,95,130,85,70,3,1
789,Cosmog,Cosmogコスモッグ,200,29,31,29,31,37,43,45,1
790,Cosmoem,Cosmovumコスモウム,400,29,131,29,131,37,43,45,1
791,Solgaleo,Solgaleoソルガレオ,680,137,107,113,89,97,137,45,1
792,Lunala,Lunalaルナアーラ,680,113,89,137,107,97,137,45,1
793,Nihilego,Uturoidウツロイド,570,53,47,127,131,103,109,45,1
794,Buzzwole,Massivoonマッシブーン,570,139,139,53,53,79,107,25,1
795,Pheromosa,Pheroacheフェローチェ,570,137,37,137,37,151,71,255,1
796,Xurkitree,Denjyumokuデンジュモク,570,89,71,173,71,83,83,30,1
797,Celesteela,Tekkaguyaテッカグヤ,570,101,103,107,101,61,97,25,1
798,Kartana,Kamiturugiカミツルギ,570,181,131,59,31,109,59,255,1
799,Guzzlord,Akuzikingアクジキング,570,101,53,97,53,43,223,15,1
800,Necrozma,Necrozmaネクロズマ,600,107,101,127,89,79,97,3,1
801,Magearna,Magearnaマギアナ,600,95,115,130,115,65,80,3,1
